{
    "normals": [0.003693,0,-0.999969,-0.229011,-0.0271,-0.973022,-0.113987,0.094516,-0.988952,0.004059,0.117679,-0.993011,0.168249,0.096377,-0.980987,0.258187,-0.010193,-0.966033,0.186132,-0.212683,-0.959197,0.004273,-0.287698,-0.957701,-0.167638,-0.214911,-0.962127,-0.470534,0.187536,-0.862209,-0.509537,-0.096316,-0.855007,0.007874,0.22364,-0.974609,0.380383,0.194891,-0.90405,0.507645,-0.11597,-0.853694,0.356517,-0.466475,-0.809473,0.005036,-0.611957,-0.790826,-0.349498,-0.464187,-0.813837,-0.674306,0.521073,-0.523179,-0.901089,-0.129948,-0.413648,0.003082,0.85107,-0.524979,0.672689,0.520157,-0.52617,0.905209,-0.138646,-0.401685,0.575335,-0.724845,-0.378887,0.001923,-0.933897,-0.357524,-0.573382,-0.725883,-0.379803,-0.672689,0.520157,0.52617,-0.905209,-0.138646,0.401685,-0.003082,0.85107,0.524979,0.674306,0.521073,0.523179,0.901089,-0.129948,0.413648,0.573382,-0.725883,0.379803,-0.001923,-0.933897,0.357524,-0.575335,-0.724845,0.378887,-0.380383,0.194891,0.904019,-0.507645,-0.11597,0.853694,-0.007874,0.22364,0.974609,0.470504,0.187506,0.862209,0.509537,-0.096316,0.855007,0.349467,-0.464187,0.813837,-0.005036,-0.611957,0.790826,-0.356517,-0.466506,0.809473,-0.166509,0.0965,0.981292,-0.259072,-0.009613,0.965789,-0.003082,0.118015,0.992981,0.113804,0.094363,0.988983,0.228858,-0.0271,0.973052,0.167943,-0.213965,0.962279,-0.003052,-0.28782,0.957671,-0.183447,-0.212897,0.959685,-0.003174,0,0.999969],
    "vertices": [0.000444,-0.195116,-0.188701,0.000334,-0.195116,-0.188701,0.000366,-0.195047,-0.188701,0.000444,-0.195019,-0.188701,0.000521,-0.195047,-0.188701,0.000553,-0.195116,-0.188701,0.000521,-0.195184,-0.188701,0.000444,-0.195212,-0.188701,0.000366,-0.195184,-0.188701,-0.151111,-0.195185,-0.125984,-0.096228,0.09247,-0.125801,0.000294,0.1279,-0.125479,0.096816,0.09247,-0.125156,0.151699,-0.195185,-0.124973,0.096816,-0.280652,-0.125156,0.000294,-0.316082,-0.125478,-0.096228,-0.280652,-0.125801,-0.30265,-0.193374,-0.018508,-0.097017,0.504374,-0.017822,3.9e-05,0.571883,-0.017497,0.097095,0.504374,-0.017173,0.302728,-0.193374,-0.016487,0.193007,-0.356425,-0.016853,3.9e-05,-0.423934,-0.017498,-0.192928,-0.356425,-0.018142,-0.302733,-0.193374,0.016487,-0.0971,0.504374,0.017174,-4.4e-05,0.571883,0.017498,0.097012,0.504374,0.017822,0.302645,-0.193374,0.018509,0.192924,-0.356425,0.018143,-4.4e-05,-0.423934,0.017498,-0.193011,-0.356425,0.016854,-0.151705,-0.195185,0.124974,-0.096823,0.09247,0.125157,-0.0003,0.1279,0.125479,0.096223,0.09247,0.125802,0.151106,-0.195185,0.125985,0.096223,-0.280652,0.125802,-0.0003,-0.316082,0.125479,-0.096823,-0.280652,0.125157,-0.000559,-0.195116,0.188701,-0.000526,-0.195047,0.188701,-0.000449,-0.195019,0.188701,-0.000372,-0.195047,0.188702,-0.000341,-0.195116,0.188702,-0.000372,-0.195184,0.188702,-0.000449,-0.195212,0.188701,-0.000526,-0.195184,0.188701,-0.000449,-0.195116,0.188701],
    "uvs": [[0.492652,0.508112,0.492727,0.508112,0.492705,0.508065,0.492652,0.508046,0.492599,0.508065,0.492577,0.508112,0.492599,0.508159,0.492652,0.508179,0.492705,0.508159,0.490366,0.516638,0.424031,0.714088,0.424053,0.714135,0.596731,0.50816,0.559041,0.310615,0.492755,0.506041,0.492652,0.727803,0.492705,0.727823,0.492755,0.286284,0.495143,0.516638,0.561273,0.714088,0.561326,0.714069,0.426469,0.310615,0.498657,0.50816,0.602456,0.508112,0.602477,0.508065,0.388779,0.50816,0.495143,0.511914,0.561273,0.45322,0.561251,0.453173,0.426469,0.566854,0.492755,0.508776,0.492652,0.42577,0.492599,0.42575,0.492755,0.591185,0.490366,0.511914,0.424031,0.45322,0.423977,0.453239,0.559041,0.566854,0.486852,0.50816,0.382848,0.508112,0.382826,0.508159,0.494453,0.508463,0.420299,0.791335,0.420173,0.98888,0.590921,0.506916,0.449703,0.027742,0.49293,0.517041,0.492755,0.821943,0.559041,0.846274,0.490908,0.233766,0.424256,0.187404,0.494952,0.508463,0.495143,0.791335,0.561429,0.767003,0.49293,0.201139,0.426278,0.247501,0.491083,0.506916,0.594801,0.50816,0.632491,0.310615,0.494952,0.233766,0.353735,0.712939,0.497759,0.509011,0.563817,0.456975,0.526127,0.398281,0.394939,0.506916,0.47029,0.61889,0.49293,0.513185,0.492755,0.43903,0.426469,0.439251,0.429085,0.56395,0.561604,0.610312,0.4881,0.509011,0.421692,0.456975,0.355406,0.481306,0.492755,0.507704,0.49293,0.581859,0.625449,0.581417,0.494777,0.506916,0.390708,0.50816,0.353018,0.566854,0.556775,0.56395,0.632125,0.451977,0.491016,0.508463,0.466983,0.508463,0.466511,0.987636,0.493981,0.506916,0.518014,0.506916,0.518486,0.027742,0.492987,0.509748,0.49293,0.485715,0.559582,0.485493,0.490908,0.512963,0.490965,0.536996,0.424313,0.537218,0.495009,0.509971,0.494952,0.485938,0.561604,0.485715,0.49293,0.513185,0.492987,0.537218,0.426335,0.537441,0.491933,0.506916,0.4679,0.506916,0.467428,0.027742,0.494898,0.508463,0.518931,0.508463,0.519403,0.987636,0.491681,0.509011,0.467648,0.509011,0.4679,0.397037,0.495369,0.506916,0.519403,0.506916,0.519151,0.61889,0.49293,0.485715,0.360411,0.486158,0.497759,0.513628,0.497816,0.537661,0.630335,0.537218,0.488157,0.509306,0.4881,0.485273,0.355581,0.485715,0.625506,0.536776,0.490544,0.506916,0.466511,0.506916,0.466763,0.61889,0.494233,0.509011,0.518266,0.509011,0.518014,0.397037,0.490775,0.516638,0.490965,0.233766,0.632182,0.712939,0.494834,0.506916,0.391116,0.50816,0.353426,0.310615,0.493163,0.506041,0.492987,0.201139,0.559639,0.247501,0.490965,0.508463,0.490775,0.791335,0.424489,0.767003,0.49555,0.516638,0.495009,0.233766,0.561661,0.187404,0.492987,0.517041,0.493163,0.821943,0.426876,0.846274,0.499065,0.50816,0.394996,0.506916,0.536214,0.027742,0.491461,0.508463,0.565615,0.791335,0.565741,0.98888,0.49555,0.511914,0.429142,0.56395,0.353792,0.451977,0.49114,0.506916,0.595209,0.50816,0.632899,0.566854,0.493163,0.515229,0.492987,0.441074,0.360468,0.441517,0.497816,0.509011,0.564225,0.456975,0.630512,0.481306,0.490775,0.511914,0.556832,0.56395,0.424313,0.610312,0.493163,0.583904,0.559449,0.583682,0.48726,0.50816,0.590978,0.506916,0.515627,0.61889,0.488157,0.509011,0.4221,0.456975,0.459791,0.398281,0.493318,0.508065,0.559449,0.310615,0.597139,0.50816,0.383462,0.508112,0.383439,0.508065,0.493265,0.508046,0.493163,0.286284,0.424644,0.714088,0.424591,0.714069,0.493212,0.508065,0.426876,0.310615,0.493265,0.727803,0.493212,0.727823,0.493191,0.508112,0.389186,0.50816,0.561887,0.714088,0.561865,0.714135,0.493212,0.508159,0.426876,0.566854,0.603069,0.508112,0.603091,0.508159,0.493265,0.508179,0.493163,0.591185,0.561887,0.45322,0.56194,0.453239,0.493318,0.508159,0.559449,0.566854,0.493163,0.508776,0.493265,0.42577,0.493318,0.42575,0.493341,0.508112,0.424644,0.45322,0.424666,0.453173,0.493265,0.508112]],
    "metadata": {
        "generator": "io_three",
        "vertices": 50,
        "uvs": 1,
        "version": 3,
        "type": "Geometry",
        "normals": 50,
        "faces": 96
    },
    "name": "Spindle24.001Geometry.2",