{
    "normals": [0.003693,0,-0.999969,-0.229011,-0.0271,-0.973022,-0.113987,0.094516,-0.988952,0.004059,0.117679,-0.993011,0.168249,0.096377,-0.980987,0.258187,-0.010193,-0.966033,0.186132,-0.212683,-0.959197,0.004273,-0.287698,-0.957701,-0.167638,-0.214911,-0.962127,-0.470534,0.187536,-0.862209,-0.509537,-0.096316,-0.855007,0.007874,0.22364,-0.974609,0.380383,0.194891,-0.90405,0.507645,-0.11597,-0.853694,0.356517,-0.466475,-0.809473,0.005036,-0.611957,-0.790826,-0.349498,-0.464187,-0.813837,-0.674306,0.521073,-0.523179,-0.901089,-0.129948,-0.413648,0.003082,0.85107,-0.524979,0.672689,0.520157,-0.52617,0.905209,-0.138646,-0.401685,0.575335,-0.724845,-0.378887,0.001923,-0.933897,-0.357524,-0.573382,-0.725883,-0.379803,-0.672689,0.520157,0.52617,-0.905209,-0.138646,0.401685,-0.003082,0.85107,0.524979,0.674306,0.521073,0.523179,0.901089,-0.129948,0.413648,0.573382,-0.725883,0.379803,-0.001923,-0.933897,0.357524,-0.575335,-0.724845,0.378887,-0.380383,0.194891,0.904019,-0.507645,-0.11597,0.853694,-0.007874,0.22364,0.974609,0.470504,0.187506,0.862209,0.509537,-0.096316,0.855007,0.349467,-0.464187,0.813837,-0.005036,-0.611957,0.790826,-0.356517,-0.466506,0.809473,-0.166509,0.0965,0.981292,-0.259072,-0.009613,0.965789,-0.003082,0.118015,0.992981,0.113804,0.094363,0.988983,0.228858,-0.0271,0.973052,0.167943,-0.213965,0.962279,-0.003052,-0.28782,0.957671,-0.183447,-0.212897,0.959685,-0.003174,0,0.999969],
    "vertices": [0.000444,-0.195116,-0.188701,0.000334,-0.195116,-0.188701,0.000366,-0.195047,-0.188701,0.000444,-0.195019,-0.188701,0.000521,-0.195047,-0.188701,0.000553,-0.195116,-0.188701,0.000521,-0.195184,-0.188701,0.000444,-0.195212,-0.188701,0.000366,-0.195184,-0.188701,-0.151111,-0.195185,-0.125984,-0.096228,0.09247,-0.125801,0.000294,0.1279,-0.125479,0.096816,0.09247,-0.125156,0.151699,-0.195185,-0.124973,0.096816,-0.280652,-0.125156,0.000294,-0.316082,-0.125478,-0.096228,-0.280652,-0.125801,-0.30265,-0.193374,-0.018508,-0.097017,0.504374,-0.017822,3.9e-05,0.571883,-0.017497,0.097095,0.504374,-0.017173,0.302728,-0.193374,-0.016487,0.193007,-0.356425,-0.016853,3.9e-05,-0.423934,-0.017498,-0.192928,-0.356425,-0.018142,-0.302733,-0.193374,0.016487,-0.0971,0.504374,0.017174,-4.4e-05,0.571883,0.017498,0.097012,0.504374,0.017822,0.302645,-0.193374,0.018509,0.192924,-0.356425,0.018143,-4.4e-05,-0.423934,0.017498,-0.193011,-0.356425,0.016854,-0.151705,-0.195185,0.124974,-0.096823,0.09247,0.125157,-0.0003,0.1279,0.125479,0.096223,0.09247,0.125802,0.151106,-0.195185,0.125985,0.096223,-0.280652,0.125802,-0.0003,-0.316082,0.125479,-0.096823,-0.280652,0.125157,-0.000559,-0.195116,0.188701,-0.000526,-0.195047,0.188701,-0.000449,-0.195019,0.188701,-0.000372,-0.195047,0.188702,-0.000341,-0.195116,0.188702,-0.000372,-0.195184,0.188702,-0.000449,-0.195212,0.188701,-0.000526,-0.195184,0.188701,-0.000449,-0.195116,0.188701],
    "uvs": [[0.602822,0.170927,0.602898,0.170907,0.60289,0.170961,0.602841,0.170996,0.602782,0.17099,0.602747,0.170947,0.602755,0.170894,0.602802,0.170859,0.602862,0.170865,0.746383,0.351929,0.725697,0.13947,0.686813,0.394545,0.612791,0.387302,0.516144,0.194957,0.536693,0.124763,0.596263,0.082147,0.670285,0.08939,0.861693,0.635398,0.861693,0.106764,0.808296,0.700684,0.727363,0.670967,0.442755,0.217692,0.861693,0.25745,0.945605,0.086236,0.945605,0.49999,0.11099,0.846318,0.194869,0.798103,0.194877,0.856476,0.111005,0.961136,0.111008,0.697199,0.194877,0.723113,0.752509,0.012142,0.605202,0,0.999966,0.913764,0.972792,0.913753,0.972826,0.499999,1,0.50001,1,1,0.972826,0.999989,0.972779,0.086245,0.945564,0,0.972738,9e-06,0.972779,0.499999,0.083816,0.846339,0.083831,0.961156,0.083834,0.697219,0.945618,0.643366,0.972792,0.643352,0.972716,0.762788,0.945542,0.762802,0.945618,0.500013,0.972792,0.499999,0.196603,0.3823,0.300788,0.669771,0,0.223289,0.094462,0.192123,0.274833,0.387377,0.386322,0.697199,0.33779,0.342843,0.442755,0.630096,0.315928,0.13023,0.442755,0.099553,0.257367,0.08161,0.327364,0.007824,9e-06,0.72326,0,0.798251,0.116179,0.121067,0.045103,0.086706,0.171682,0,0.179136,0.076533,0.861693,0.562759,0.861695,0.63683,0.195922,0.161887,0.195883,0.161846,0.195985,0.161891,0.196035,0.161856,0.196043,0.161801,0.196005,0.16176,0.195943,0.161756,0.195893,0.161791,0.195964,0.161824]],
    "metadata": {
        "generator": "io_three",
        "vertices": 50,
        "uvs": 1,
        "version": 3,
        "type": "Geometry",
        "normals": 50,
        "faces": 96
    },
    "name": "Spindle24.001Geometry.4",
    "faces": [40,0,1,2,0,1,2,0,1,2,40,0,2,3,0,2,3,0,2,3,40,0,3,4,0,3,4,0,3,4,40,0,4,5,0,4,5,0,4,5,40,0,5,6,0,5,6,0,5,6,40,0,6,7,0,6,7,0,6,7,40,0,7,8,0,7,8,0,7,8,40,0,8,1,0,8,1,0,8,1,40,10,2,1,9,2,1,9,2,1,40,1,9,10,1,10,9,1,10,9,40,11,3,2,11,3,2,11,3,2,40,2,10,11,2,9,11,2,9,11,40,12,4,3,12,4,3,12,4,3,40,3,11,12,3,11,12,3,11,12,40,13,5,4,13,5,4,13,5,4,40,4,12,13,4,12,13,4,12,13,40,14,6,5,14,6,5,14,6,5,40,5,13,14,5,13,14,5,13,14,40,15,7,6,15,7,6,15,7,6,40,6,14,15,6,14,15,6,14,15,40,16,8,7,16,8,7,16,8,7,40,7,15,16,7,15,16,7,15,16,40,9,1,8,10,1,8,10,1,8,40,8,16,9,8,16,10,8,16,10,40,18,10,9,17,9,10,17,9,10,40,9,17,18,10,18,17,10,18,17,40,19,11,10,19,11,9,19,11,9,40,10,18,19,9,17,19,9,17,19,40,20,12,11,20,12,11,20,12,11,40,11,19,20,11,19,20,11,19,20,40,21,13,12,21,13,12,21,13,12,40,12,20,21,22,23,24,12,20,21,40,22,14,13,25,26,27,22,14,13,40,13,21,22,27,28,25,13,21,22,40,23,15,14,29,30,26,23,15,14,40,14,22,23,26,25,29,14,22,23,40,24,16,15,31,16,15,24,16,15,40,15,23,24,15,32,31,15,23,24,40,17,9,16,18,10,16,18,10,16,40,16,24,17,16,31,18,16,24,18,40,26,18,17,33,34,35,25,17,18,40,17,25,26,35,36,33,18,26,25,40,27,19,18,37,38,34,27,19,17,40,18,26,27,34,33,37,17,25,27,40,28,20,19,39,23,40,28,20,19,40,19,27,28,40,41,39,19,27,28,40,29,21,20,42,24,23,29,21,20,40,20,28,29,23,39,42,20,28,29,40,30,22,21,43,25,28,30,22,21,40,21,29,30,28,44,43,21,29,30,40,31,23,22,45,29,25,31,23,22,40,22,30,31,25,43,45,22,30,31,40,32,24,23,46,47,48,32,24,23,40,23,31,32,48,49,46,23,31,32,40,25,17,24,50,51,47,26,18,24,40,24,32,25,47,46,50,24,32,26,40,34,26,25,52,53,54,33,25,26,40,25,33,34,54,55,52,26,34,33,40,35,27,26,56,57,53,35,27,25,40,26,34,35,53,52,56,25,33,35,40,36,28,27,58,59,57,36,28,27,40,27,35,36,57,56,58,27,35,36,40,37,29,28,60,61,59,37,29,28,40,28,36,37,59,58,60,28,36,37,40,38,30,29,62,63,61,38,30,29,40,29,37,38,61,60,62,29,37,38,40,39,31,30,64,45,43,39,31,30,40,30,38,39,43,65,64,30,38,39,40,40,32,31,66,67,68,40,32,31,40,31,39,40,68,69,66,31,39,40,40,33,25,32,70,50,46,34,26,32,40,32,40,33,46,71,70,32,40,34,40,42,34,33,72,52,55,41,33,34,40,33,41,42,55,73,72,34,42,41,40,43,35,34,74,56,52,43,35,33,40,34,42,43,52,72,74,33,41,43,40,44,36,35,75,58,56,44,36,35,40,35,43,44,56,74,75,35,43,44,40,45,37,36,76,60,58,45,37,36,40,36,44,45,58,75,76,36,44,45,40,46,38,37,77,62,60,46,38,37,40,37,45,46,60,76,77,37,45,46,40,47,39,38,78,69,62,47,39,38,40,38,46,47,62,77,78,38,46,47,40,48,40,39,79,66,69,48,40,39,40,39,47,48,69,78,79,39,47,48,40,41,33,40,73,55,66,42,34,40,40,40,48,41,66,79,73,40,48,42,40,41,49,42,73,80,72,42,49,41,40,42,49,43,72,80,74,41,49,43,40,43,49,44,74,80,75,43,49,44,40,44,49,45,75,80,76,44,49,45,40,45,49,46,76,80,77,45,49,46,40,46,49,47,77,80,78,46,49,47,40,47,49,48,78,80,79,47,49,48,40,48,49,41,79,80,73,48,49,42]
}