{
    "normals": [0.439283,-0.783593,-0.439283,0,-0.999969,0,0,-0.783593,-0.621235,0.382122,-0.053346,-0.922544,0.922544,-0.053346,-0.382122,0.535569,0.652913,-0.535569,0,0.652913,-0.757408,0.360912,0.332316,-0.871364,0.871364,0.332316,-0.360912,0.621235,-0.783593,0,0.922544,-0.053346,0.382122,0.757408,0.652913,0,0.871364,0.332316,0.360912,0.439283,-0.783593,0.439283,0.382122,-0.053346,0.922544,0.535569,0.652913,0.535569,0.360912,0.332316,0.871364,0,-0.783593,0.621235,-0.382122,-0.053346,0.922544,0,0.652913,0.757408,-0.360912,0.332316,0.871364,-0.439283,-0.783593,0.439283,-0.922544,-0.053346,0.382122,-0.535569,0.652913,0.535569,-0.871364,0.332316,0.360912,-0.621235,-0.783593,0,-0.922544,-0.053346,-0.382122,-0.757408,0.652913,0,-0.871364,0.332316,-0.360912,-0.439283,-0.783593,-0.439283,-0.382122,-0.053346,-0.922544,-0.535569,0.652913,-0.535569,-0.360912,0.332316,-0.871364,0,-1,0],
    "vertices": [0,-0.8,0,0,0.35,-0,0,-0.4,-0.541196,0.382683,-0,-0.92388,0,0.175,-0.865914,0.22961,0.35,-0.554328,0.382683,-0.4,-0.382683,0.92388,-0,-0.382683,0.612293,0.175,-0.612293,0.554328,0.35,-0.22961,0.541196,-0.4,0,0.92388,0,0.382683,0.865914,0.175,-0,0.554328,0.35,0.22961,0.382683,-0.4,0.382683,0.382683,0,0.92388,0.612293,0.175,0.612293,0.22961,0.35,0.554328,0,-0.4,0.541196,-0.382683,0,0.92388,0,0.175,0.865914,-0.22961,0.35,0.554328,-0.382683,-0.4,0.382683,-0.92388,0,0.382683,-0.612293,0.175,0.612293,-0.554328,0.35,0.22961,-0.541196,-0.4,0,-0.92388,-0,-0.382683,-0.865914,0.175,-0,-0.554328,0.35,-0.22961,-0.382683,-0.4,-0.382683,-0.382683,-0,-0.92388,-0.612293,0.175,-0.612293,-0.22961,0.35,-0.554328],
    "uvs": [[0.536242,0.407008,0.702381,0.327005,0.6204,0.449305,0.454261,0.529308,0.34693,0.379588,0.702381,0.374683,0.730465,0.151411,0.768361,0.270052,0.813295,0.094464,0.851191,0.213104,0.83434,0.347067,0.51307,0.299585,0.375146,0.162542,0.730465,0.539025,0.768361,0.451699,0.851191,0.445673,0.564457,0.189962,0.522378,0.005311,0.851191,0.164342,0.879275,0,0.91717,0.087327,0.813295,0.532999,1,0.093353,0.98315,0.191958,0.660302,0.142354,0.702381,0,0.879275,0.387614,0.91717,0.268974,1,0.325921,0.155859,0.15921,0,0.271789,0.070848,0.112579,0.226707,0,0.34693,0.15921,0.947075,0.539025,0.962104,0.444561,0.534439,0.529308,0.640635,0.588145,0.538346,0.639843,0.191072,0.271789,0.34693,0.384368,0.34693,0.764654,0.417546,0.556636,0.421453,0.667171,0.495976,0.764654,0.155859,0.384368,0.226707,0.543578,0.417546,0.972672,0.421453,0.862138,0.538346,0.889465,0.070848,0.430999,0.056684,0.543578,0.798266,0,0.534439,1,0.640635,0.941164,0.075396,0.878888,0.128709,0.711233,0.182022,0.860812,0,0.798754,0,0.667352,0.075396,0.561654,0.182022,0.543578,0.257418,0.623712,0.257418,0.755114]],
    "metadata": {
        "generator": "io_three",
        "vertices": 34,
        "uvs": 1,
        "version": 3,
        "type": "Geometry",
        "normals": 34,
        "faces": 48
    },
    "name": "GemGeometry",
    "faces": [41,6,0,2,3,0,1,2,3,0,1,2,3,40,6,3,7,0,3,4,0,3,4,40,7,3,8,5,6,7,4,3,5,41,8,3,4,5,7,6,8,9,5,3,6,7,40,8,5,9,7,9,10,5,7,8,41,10,0,6,7,11,1,0,4,9,1,0,4,40,10,7,11,11,4,12,9,4,10,40,11,7,12,13,5,14,10,4,11,41,12,7,8,9,14,5,7,10,11,4,5,8,40,12,9,13,14,10,15,11,8,12,41,14,0,10,11,16,1,11,12,13,1,9,10,40,14,11,15,16,12,17,13,10,14,40,15,11,16,18,19,20,14,10,15,41,16,11,12,13,21,13,14,15,15,10,11,12,40,16,13,17,20,22,23,15,12,16,41,18,0,14,15,24,1,16,17,17,1,13,14,40,18,15,19,24,17,25,17,14,18,40,19,15,20,26,18,27,18,14,19,41,20,15,16,17,27,18,20,23,19,14,15,16,40,20,17,21,27,23,28,19,16,20,41,22,0,18,19,29,30,31,32,21,1,17,18,40,22,19,23,29,32,33,21,18,22,40,23,19,24,34,26,35,22,18,23,41,24,19,20,21,35,26,27,28,23,18,19,20,40,24,21,25,36,37,38,23,20,24,41,26,0,22,23,39,30,29,33,25,1,21,22,40,26,23,27,39,33,40,25,22,26,40,27,23,28,41,42,43,26,22,27,41,28,23,24,25,43,42,36,38,27,22,23,24,40,28,25,29,43,38,44,27,24,28,41,30,0,26,27,45,30,39,40,29,1,25,26,40,30,27,31,45,40,46,29,26,30,40,31,27,32,47,41,48,30,26,31,41,32,27,28,29,48,41,43,44,31,26,27,28,40,32,29,33,48,44,49,31,28,32,41,2,0,30,31,50,30,45,46,2,1,29,30,40,2,31,3,50,46,51,2,30,3,40,3,31,4,6,52,8,3,30,6,41,4,31,32,33,53,47,48,49,6,30,31,32,40,4,33,5,53,49,54,6,32,7,40,5,1,33,55,56,57,7,33,32,40,1,5,9,56,55,58,33,7,8,40,1,9,13,56,58,59,33,8,12,40,1,13,17,56,59,60,33,12,16,40,1,17,21,56,60,61,33,16,20,40,1,21,25,56,61,62,33,20,24,40,1,25,29,56,62,63,33,24,28,40,1,29,33,56,63,57,33,28,32]
}